Крюков Назар Захарьевич;1961-09-06;Уругвай;Russia;Ханты-Мансийский АО;Верхнее Пенжино;ул. З.Космодемьянской, д. 117 стр. 120;6957003200;049894988419;+7 (658) 656-5526;andron47@example.net
Светозар Ильич Брагин;1937-12-12;Австрия;Russia;Астраханская обл.;Шерегеш;пр. Чернышевского, д. 34 стр. 36;3723500355;259274839521;+7 (703) 525-0647;krilovsvjatopolk@example.net
Викентий Захарьевич Кулаков;1988-04-10;Босния и Герцеговина;Russia;Чукотский АО;Неплюевка;пер. Смирнова, д. 3/6;5287458141;280292399139;89555252513;demid_2012@example.com
Некрасова Регина Сергеевна;2002-08-08;Сьерра-Леоне;Russia;респ. Кабардино-Балкария;Мостовской;алл. Нахимова, д. 3/7 стр. 815;4094255040;128617693531;+7 (806) 272-64-72;kondrati_2013@example.net
Никифорова Синклитикия Ниловна;1935-04-12;Белоруссия;Russia;Пермский край;Черкесск;пер. Шмидта, д. 1 стр. 470;3748231669;890625018931;+7 826 214 1942;cheslav1999@example.net
Дементьев Максим Дмитриевич;1943-06-28;Танзания;Russia;Волгоградская обл.;Таштагол;ш. Свердлова, д. 8;9692326136;415600757504;8 (458) 692-06-23;xmorozov@example.net
Ангелина Егоровна Филатова;1946-08-20;Зимбабве;Russia;респ. Саха (Якутия);Оса;пр. Владимирский, д. 91 стр. 75;2881213797;115656617109;+7 551 207 49 98;alekse_1998@example.org
Кононова Ираида Артемовна;1974-06-02;Йемен;Russia;Хабаровский край;Междуреченский;наб. Карла Либкнехта, д. 1;2548368374;177017772990;8 176 999 98 92;prokl_92@example.com
Савельева Марина Натановна;1966-06-01;Белоруссия;Russia;респ. Крым;Солнечногорск;бул. Металлургов, д. 299 к. 46;2162532806;922266293525;+75931358912;mjasnikovauljana@example.org
Казимир Борисович Третьяков;1981-07-17;Латвия;Russia;Ненецкий АО;Билибино;алл. Тополиная, д. 3/6 стр. 5/9;9767485154;923151230390;8 625 582 9937;samuil57@example.org
Горшкова Эмилия Натановна;1955-09-14;Малави;Russia;респ. Бурятия;Бреды;ш. Болотное, д. 316 стр. 7;9317328325;199731973474;+7 662 215 81 36;tit_1988@example.org
Регина Аскольдовна Павлова;2005-02-24;Нидерланды;Russia;Чукотский АО;Миллерово;пр. Кирпичный, д. 4;6471501427;728049729288;8 699 022 9929;hariton_87@example.org
Юдин Сильвестр Евстигнеевич;1963-05-02;Индонезия;Russia;Магаданская обл.;Благовещенск (Амур.);алл. Петровская, д. 892 стр. 492;6208985744;525296019926;+7 298 111 26 45;fedosi2023@example.org
Климент Глебович Фомичев;1998-10-29;Доминика;Russia;Ханты-Мансийский АО;Москва;пр. Льва Толстого, д. 7/8;8566009839;830843931822;8 (492) 325-1648;bburov@example.net
Медведев Боян Егорович;1945-03-18;Литва;Russia;Иркутская обл.;Воткинск;алл. Харьковская, д. 6/3 к. 9/1;9322854086;230346936260;+7 (256) 420-1764;timofeevvatslav@example.com
Владимирова Пелагея Валериевна;2005-12-05;Сьерра-Леоне;Russia;Саратовская обл.;Новороссийка;пер. Островского, д. 10;7493461566;017577587808;+7 710 918 0284;vladislav_77@example.com
Евгения Афанасьевна Комарова;1995-04-23;Перу;Russia;Приморский край;Черемхово;ш. Московское, д. 2 к. 76;2168847295;565799350819;+7 (242) 717-37-43;sidorovazhanna@example.net
Носов Филипп Гурьевич;1976-06-21;Доминиканская Республика;Russia;Хабаровский край;Орехово-Зуево;ш. Белорусское, д. 938 к. 8/9;8913672194;794137188525;8 (977) 969-7188;ernest_1999@example.net
Варвара Богдановна Давыдова;1949-07-15;Венгрия;Russia;Забайкальский край;Казань;пер. Баумана, д. 6/6 к. 278;5816098533;286743140326;8 676 730 27 26;timur2015@example.net
Кузнецов Гаврила Гурьевич;1960-01-05;Турция;Russia;респ. Коми;Баргузин;ул. Ленская, д. 788 стр. 4/3;5587941065;569910101908;8 (286) 438-0603;bespalovzahar@example.com
Таисия Кузьминична Кабанова;1956-01-12;Эритрея;Russia;Тульская обл.;Хужир;пер. Тополиный, д. 46;2253647238;802323520108;+7 (380) 636-2229;radislavkolesnikov@example.org
Михаил Егорович Устинов;1972-07-11;Тувалу;Russia;респ. Северная Осетия - Алания;Бологое;ул. Маяковского, д. 93;8493478862;504480729948;8 (532) 362-6344;xkalashnikov@example.com
Данилов Эрнест Фадеевич;1995-10-18;Таиланд;Russia;Алтайский край;Карпинск;ш. Дорожников, д. 323;7990833898;797282639761;8 (474) 667-52-44;bfedoseeva@example.com
Данилова Татьяна Рудольфовна;1955-03-16;Вьетнам;Russia;Красноярский край;Усть-Баргузин;ул. Машиностроителей, д. 3;5161470220;303621519949;8 (829) 186-7200;ermilshilov@example.org
Олег Игоревич Матвеев;1959-06-10;Бразилия;Russia;Ставропольский край;Долинск;ул. Льва Толстого, д. 4/5 к. 24;4668042587;389555962378;8 413 830 30 63;vikentiuvarov@example.com
Пелагея Константиновна Шарапова;1964-08-05;Исландия;Russia;Ставропольский край;Красноселькуп;пр. Прудовой, д. 76 стр. 64;6117292362;426171395949;84977499821;emil_1997@example.com
Игнатова Надежда Ефимовна;1938-01-08;Нидерланды;Russia;респ. Марий-Эл;Партизанск;ш. Дорожное, д. 43 к. 8;6792001717;854100955421;8 (166) 733-18-71;anastasija33@example.net
Доброслав Ермолаевич Лазарев;2005-06-30;Польша;Russia;респ. Калмыкия;Арсеньев;ул. Красных Партизан, д. 3/5;7203563156;454978769059;+7 (015) 238-8845;suvorovdmitri@example.org
Ксения Борисовна Коновалова;1995-03-27;Сербия;Russia;Красноярский край;Ноглики;пр. Лунный, д. 3 стр. 4/4;6174282074;300931083248;8 (393) 745-63-95;ratiborfadeev@example.org
Эмилия Львовна Кириллова;1964-01-30;Кипр;Russia;респ. Крым;Воскресенск;пр. Камский, д. 8/6 стр. 6;8395299533;107114713635;8 (438) 704-1382;orest2005@example.com
Януарий Ярославович Игнатов;1967-12-12;Гаити;Russia;Новосибирская обл.;Вилюйск;бул. Л.Толстого, д. 576 стр. 13;4712644062;095344355978;8 (644) 436-53-50;isa_81@example.org
Аристарх Гордеевич Нестеров;1978-12-15;Казахстан;Russia;Забайкальский край;Зеленоград;наб. Красина, д. 3/1 стр. 75;8892779273;613006094814;+7 (857) 439-0258;kolobovdobroslav@example.net
Сергеева Мария Оскаровна;1936-07-06;Эстония;Russia;респ. Дагестан;Юровск;ул. Урожайная, д. 71;7796380974;518294444280;+7 287 436 2180;ksmirnova@example.net
Фомин Гурий Иларионович;1975-09-09;Бахрейн;Russia;респ. Кабардино-Балкария;Малгобек;наб. Строителей, д. 53 к. 1;1742710645;018160943195;+7 686 041 7601;zahar52@example.com
Мартын Ерофеевич Захаров;2000-08-14;Гамбия;Russia;Еврейская АО;Ревда (Сверд.);бул. Городской, д. 54;9782466795;629498257835;8 442 067 91 28;ernst_49@example.org
Панкрат Филимонович Юдин;1953-10-29;Непал;Russia;Чукотский АО;Алексин;ш. Парижской Коммуны, д. 4/4;2819908716;248794507370;8 (818) 816-17-76;titovairaida@example.net
Вениамин Ефимьевич Воронцов;1935-04-25;Великобритания;Russia;респ. Коми;Бугуруслан;пр. Кочубея, д. 842 стр. 494;2593770627;177886031670;8 (843) 645-97-36;zikovdorofe@example.org
Евгений Авдеевич Блинов;1935-08-21;Гаити;Russia;Амурская обл.;Соль-Илецк;наб. Уральская, д. 6/4 к. 1;3201506471;179357414032;+7 (602) 263-2809;gordeevazinaida@example.net
Воронова Ксения Леоновна;1979-03-20;Барбадос;Russia;Ненецкий АО;Елатьма;наб. Просторная, д. 19 стр. 6;5409031861;493398028340;8 222 024 2850;fedotpestov@example.net
Ольга Матвеевна Носова;1936-12-10;Румыния;Russia;респ. Кабардино-Балкария;Каменномостский;ш. Слободское, д. 3;4355059414;583307386428;8 (704) 835-36-96;lora00@example.org
Дмитриев Ян Германович;1991-05-09;Камерун;Russia;респ. Удмуртия;Борзя;бул. Тимирязева, д. 29;4247621411;276404000102;8 (815) 157-3476;dorofeevaevgenija@example.net
Туров Иннокентий Евстигнеевич;1959-01-26;Оман;Russia;Псковская обл.;Кежма;пр. Урицкого, д. 8/4 стр. 3/3;3195567125;919318384500;+76043069428;mihalovluka@example.net
Регина Андреевна Панова;1939-04-19;Таиланд;Russia;респ. Хакасия;Москва;ул. Литейная, д. 22;6326829977;410560179809;+7 596 739 6535;sergeevafevronija@example.net
Пахомова Светлана Кузьминична;2007-05-20;Саудовская Аравия;Russia;Ульяновская обл.;Кедровый;ш. Воровского, д. 4;6492343538;286169581010;83968858044;isakovavera@example.org
Кузьма Феодосьевич Кабанов;1940-01-20;Папуа;Russia;Еврейская АО;Славгород;ул. Куйбышева, д. 76 к. 4/2;2652775848;120479051966;8 (694) 652-05-75;karp88@example.net
Анна Тарасовна Ситникова;1991-04-01;Грузия;Russia;Хабаровский край;Таганрог;наб. Ленина, д. 802 стр. 27;9588376055;532759599139;8 (875) 143-42-16;ratiborkondratev@example.org
Куликова Мария Геннадиевна;1962-02-17;Албания;Russia;Чукотский АО;Нефедова;бул. Смоленский, д. 9/7 к. 795;5094327469;513941658037;8 369 148 9913;mjasnikovviktor@example.net
Панфилова Елена Даниловна;1994-05-02;Аргентина;Russia;респ. Адыгея;Малгобек;ш. Заозерное, д. 24 стр. 46;4252957487;753899357683;8 030 530 0724;lebedevelise@example.com
Блохин Каллистрат Игнатович;1982-12-21;Чили;Russia;Чукотский АО;Асбест;пер. ДОС, д. 5;3504311925;092394375653;+7 282 244 7240;andreevagap@example.org
Демид Ярославович Шубин;1957-09-26;Сент-Люсия;Russia;Оренбургская обл.;Снежногорск (Мурм.);алл. Серова, д. 161 стр. 4/2;6921502712;598217770811;+7 327 083 5214;dvorobeva@example.org
Устинова Вероника Архиповна;2005-07-16;Бутан;Russia;Оренбургская обл.;Дмитров;бул. Торговый, д. 572;5401751080;670781680005;8 955 931 23 15;alina_97@example.net
Виктория Дмитриевна Белозерова;2002-02-18;Румыния;Russia;Калининградская обл.;Слюдянка;пер. Полярный, д. 7 к. 89;7086437539;179811487029;+7 227 388 6602;borisovavalerija@example.net
Романов Леонтий Владиславович;1998-02-27;Сербия;Russia;респ. Карачаево-Черкесия;Пермь;ул. Российская, д. 1/1 стр. 5/4;2893934350;126263525607;+7 (513) 316-20-76;veselovterenti@example.org
Кузнецов Савватий Марсович;1996-08-26;Иордания;Russia;респ. Дагестан;Ясный (Оренб.);пр. Серова, д. 31 стр. 1/5;2171518911;066060015716;8 (005) 525-2354;arseni2005@example.net
Маргарита Яковлевна Якушева;1973-11-06;Коморы;Russia;Липецкая обл.;Далматово;наб. Павлика Морозова, д. 6 стр. 106;4651914979;538467831032;+7 498 530 1539;pavlovfirs@example.net
Раиса Макаровна Никифорова;1946-06-04;Алжир;Russia;Краснодарский край;Россошь;ул. Казачья, д. 518 к. 5/7;3668572261;051019092182;8 872 110 29 12;vadim_2009@example.org
Агафонова Людмила Ивановна;1986-10-25;Бразилия;Russia;Ханты-Мансийский АО;Игнашино;алл. Студенческая, д. 967;6376013909;700462696582;+7 503 368 14 19;praskovja2008@example.org
Елисеева Ульяна Артемовна;1940-11-04;Эстония;Russia;Нижегородская обл.;Кижи;бул. Надежды, д. 8 к. 7;6540381047;451702386617;8 (869) 163-5598;sevastjankovalev@example.org
Дорофеева Вера Тарасовна;1964-06-12;ОАЭ;Russia;Еврейская АО;Торжок;пр. Родниковый, д. 8;4421719971;479707199600;+78757593117;kulakovkondrati@example.org
Владлен Елизарович Журавлев;1960-07-07;Северная Македония;Russia;респ. Алтай;Мичуринск;алл. Слободская, д. 78;3354062626;042282305913;+7 320 035 9904;lebedevsamson@example.com
Ангелина Макаровна Ефимова;1985-06-11;Иордания;Russia;Приморский край;Хоста;ул. Ивановская, д. 694 к. 56;2828132216;472373228102;80156746176;seliverstovaanastasija@example.org
Баранова Евдокия Сергеевна;1940-02-22;Тонга;Russia;Оренбургская обл.;Елабуга;ул. Иванова, д. 605 стр. 203;4970710649;705025950108;+7 (800) 748-04-66;jzatsev@example.org
Королев Аким Иосипович;1979-03-20;Марокко;Russia;Ивановская обл.;Петрозаводск;пр. Циолковского, д. 7 стр. 9/7;9950265508;488348044719;8 992 684 8535;trifon2015@example.com
Королева Мария Артемовна;1973-01-20;Сьерра-Леоне;Russia;Красноярский край;Камышлов;ш. Киевское, д. 394 к. 1;2922136148;314236728152;84733107321;radimegorov@example.com
Захаров Демид Абрамович;1958-06-04;Эстония;Russia;Астраханская обл.;Кизел;пр. Ульяновский, д. 9 к. 62;3967935878;010236219449;+76585943939;isidor_2000@example.com
Лучезар Харитонович Селезнев;1990-08-15;Либерия;Russia;респ. Калмыкия;Малгобек;пер. Пугачева, д. 9/2 к. 341;8230025082;828431822460;+7 (143) 706-95-58;savinandre@example.com
Потапова Наина Эльдаровна;1962-12-19;Эстония;Russia;респ. Башкортостан;Чита;ш. Плеханова, д. 2 к. 3/4;5729267508;887494613955;+7 (793) 337-63-24;gbeljakova@example.com
Тарасов Аникита Изотович;1987-03-26;Лаос;Russia;Ставропольский край;Звенигород;наб. Циолковского, д. 7/4 к. 790;8229033415;704057273746;8 685 362 82 27;nikanorgushchin@example.com
Колобова Татьяна Мироновна;1956-10-14;Республика Корея;Russia;респ. Кабардино-Балкария;Нерчинск;пр. Петровский, д. 4/7 стр. 64;4704356995;377944589303;8 (473) 160-15-74;bespalovvenedikt@example.org
Кудряшов Елисей Дорофеевич;1936-12-03;Куба;Russia;Новосибирская обл.;Бомнак;ш. Абрикосовое, д. 66 к. 88;9169745622;520505921401;+7 603 132 6845;lebedevradovan@example.com
Тарасов Иосиф Измаилович;1943-08-29;Сербия;Russia;Еврейская АО;Хоста;ш. Краснофлотское, д. 27;7999528519;132725257111;+7 (934) 321-23-86;prokl_59@example.net
Максимильян Аксёнович Исаков;1987-10-16;Турция;Russia;респ. Татарстан;Березники;пр. Машиностроителей, д. 60 к. 8/6;8119119837;484856051735;89847382869;amos_1975@example.net
Веселова Ирина Ильинична;1980-04-14;Палау;Russia;Иркутская обл.;Хабаровск;пр. Космодемьянской, д. 919;2480164970;603433833251;+7 614 187 16 39;zaharovamargarita@example.net
Наталья Анатольевна Калинина;1969-10-25;Эритрея;Russia;Приморский край;Теберда;пер. Микрорайон, д. 58 к. 1;3670411147;043547376311;8 021 826 1962;safonovmechislav@example.com
Горшкова Любовь Григорьевна;1989-02-15;Греция;Russia;Краснодарский край;Новомосковск;ш. Проточное, д. 34;9399626036;837445022002;8 654 358 7885;ladislav_1977@example.com
Феликс Демьянович Яковлев;1967-05-13;Республика Корея;Russia;респ. Мордовия;Вендинга;пер. Клубный, д. 7/3;5911031373;172367360168;8 (846) 717-6429;shestakovanaina@example.net
Амвросий Демидович Филиппов;1949-02-07;Армения;Russia;респ. Чувашия;Липецк;наб. Мусы Джалиля, д. 1;5179190936;532441330270;+7 142 303 6124;hohlovalidija@example.net
Аристарх Жанович Алексеев;1983-11-11;Эсватини;Russia;респ. Коми;Ялуторовск;пер. Ворошилова, д. 34 к. 13;5188012513;143260079824;8 (373) 562-2752;fomichevfedor@example.net
тов. Щербакова Вероника Сергеевна;1952-04-24;Бруней;Russia;Ханты-Мансийский АО;Шелехов;ш. Интернациональное, д. 772 стр. 970;9121539243;555691220857;+72336310321;osolovev@example.net
Екатерина Юрьевна Мишина;1987-10-01;Тунис;Russia;Еврейская АО;Лодейное Поле;ул. Халтурина, д. 398;3374211280;081904746356;+7 (653) 434-07-27;dmitri53@example.org
Казимир Эдуардович Нестеров;1983-11-08;Республика Корея;Russia;респ. Чувашия;Сосьва (Хант.);ул. Стахановская, д. 76 к. 8/9;2478424120;271598695444;+7 066 578 73 94;efimstepanov@example.org
Лавр Даниилович Борисов;1936-12-05;Южный Судан;Russia;респ. Коми;Нижнекамск;бул. Водопроводный, д. 5;8714964672;317748504400;+7 680 635 60 71;dementevairina@example.org
Исакова Марина Евгеньевна;1986-06-23;Швеция;Russia;Краснодарский край;Шатура;наб. Достоевского, д. 376 стр. 39;7968621050;788962047944;+7 195 587 7172;ladislavbaranov@example.net
Михеев Авдей Давидович;1998-11-30;Сент-Винсент и Гренадины;Russia;респ. Северная Осетия - Алания;Серпухов;бул. Воронежский, д. 7/8;4280945775;433557704661;8 (384) 945-7510;ggushchina@example.net
тов. Поляков Парфен Елизарович;2001-09-16;Ботсвана;Russia;Хабаровский край;Двинской;наб. Тамбовская, д. 6/6;9389066427;308526557044;+7 (730) 657-53-76;pantelemonnaumov@example.org
Михайлов Карл Гордеевич;1949-01-25;Танзания;Russia;Ханты-Мансийский АО;Карталы;наб. Молодежная, д. 575;9524247031;147768851519;+7 606 891 32 27;avgust2020@example.com
Ирина Матвеевна Капустина;2008-10-24;Уганда;Russia;Новосибирская обл.;Туруханск;пр. Безымянный, д. 1/1 к. 16;4624082537;575430256058;+7 (538) 019-26-64;filaret_56@example.org
Тимофей Трофимович Цветков;1953-05-17;Тунис;Russia;Челябинская обл.;Ахтубинск;пер. Бригадный, д. 8 к. 215;5306800253;265213387482;8 562 488 7255;ustinovaevpraksija@example.org
Артемьев Лукьян Игоревич;1941-03-27;Кирибати;Russia;респ. Дагестан;Середниково;наб. Шевченко, д. 5;1235202968;532329990125;8 (742) 618-3314;feofanvasilev@example.net
Исакова Полина Ефимовна;1973-12-18;Хорватия;Russia;респ. Чувашия;Корсаков;пер. Короленко, д. 9/1 стр. 7;5806818401;204836986011;8 940 113 97 32;kudrjavtsevdanila@example.net
София Кузьминична Дементьева;2009-02-13;Судан;Russia;Ростовская обл.;Калининград;алл. Тургенева, д. 841;5023118503;562341498737;8 603 767 86 86;vinogradovaanzhelika@example.org
Алла Владимировна Лобанова;1984-02-14;Аргентина;Russia;Кировская обл.;Кижи;наб. Кузнецкая, д. 953 к. 9/5;5286228642;591054311541;83530907598;poljakovaekaterina@example.com
Турова Элеонора Павловна;1934-02-23;Маврикий;Russia;Камчатский край;Соликамск;пер. Островского, д. 9/5 стр. 553;5007082897;537584905173;8 007 736 3696;pankrati_1983@example.org
Пров Денисович Рогов;1975-10-06;Австралия;Russia;респ. Крым;Старый Оскол;ул. Киевская, д. 17 стр. 32;4183421853;813070746082;+7 (210) 280-17-35;spartak26@example.org
Анисимова Марфа Руслановна;1986-05-06;Франция;Russia;Забайкальский край;Алапаевск;ул. Станционная, д. 875 к. 1/5;4478862521;234737823209;86919286302;miron1992@example.net
Трифон Владленович Зимин;1978-03-27;Тринидад и Тобаго;Russia;респ. Хакасия;Кетченеры;пер. Отрадный, д. 9 стр. 21;6838809148;163430451883;8 362 498 1669;roman_1979@example.net
Мария Семеновна Стрелкова;1986-11-10;Таджикистан;Russia;Тульская обл.;Двинской;ул. Матросова, д. 8;6805582878;652022825705;+7 (348) 126-6608;evdokija07@example.org
Овчинников Фадей Артёмович;2005-10-24;Гвинея;Russia;Чукотский АО;Норильск;ш. Выгонное, д. 356 к. 8;9643101128;885197508680;8 (209) 540-6641;ija2019@example.com
Бобров Антонин Зиновьевич;1966-11-10;Россия;Russia;респ. Калмыкия;Токма;пер. Бабушкина, д. 368;5604154363;135481635001;8 (563) 042-4588;drozdovanatoli@example.com
Захар Ааронович Лукин;1960-01-08;Гайана;Russia;респ. Дагестан;Вуктыл;бул. Ставропольский, д. 1/3 стр. 4;4819900402;675457552265;8 (609) 254-9589;evgeni18@example.com
